1231.9999999999998,1219.184500090216,1232.0,1223.7816651293112
1232.0,1232.0000000000002,1218.5401498649521,1233.3378651978992
1232.0000000000002,1206.7829667624299,1216.1684447750326,1208.0669725485072,1250.0457635684418,1232.0000000000002,1216.796184299316
1231.9999999999998,1230.2837609237442,1229.3055533038978,1232.0000000000002
1232.0,1243.3063834724016,1232.0
1232.0,1232.0
1232.0,1232.0,1253.2887510800656
1232.0,1232.0,1216.7141865452297,1234.1372587199473
1232.0,1226.664788494068,1270.0342413428355,1232.0
1232.0,1232.0000000000002
1232.0,1232.0000000000002,1258.029428354635,1215.2830876497935
1232.0,1244.951386076445,1231.9999999999998
1232.0,1225.8522094475072,1247.4843400884338,1245.0862036346978,1222.1893230510525,1232.0,1237.7875933860037
1232.0000000000002,1236.7949244390861,1232.0000000000002,1229.4855208645342
1232.0000000000002,1220.9403146653083,1228.8728954194037,1232.0,1245.0771045156064,1229.3728587766118
1232.0,1232.0,1209.5298179787903,1230.4425479138206
1232.0000000000002,1232.0
1232.0,1219.469422354818,1231.9999999999998,1211.8788673429247,1229.424983072809
1232.0000000000002,1217.7994286245566,1232.0
1232.0,1216.6435288966472,1290.1381520819727,1232.0,1221.2087587896235,1208.2417402394442,1242.7166240776912,1259.4064993883399
1232.0000000000002,1245.0760324294365,1232.0,1227.1434523452826
1232.0,1218.648384077658,1232.0,1284.717902428761,1236.253167634864
1232.0,1232.0000000000002
1232.0,1201.3829455664577,1241.0055915669163,1232.0
1232.0,1234.3952691744191,1232.0,1240.3508414556698
1232.0,1225.324513591857,1264.1480916633843,1276.4952186009073,1232.0
1231.9999999999998,1232.0000000000002,1237.1560937129268,1244.6637825718276,1220.9156658406778
1232.0000000000002,1271.0016739289701,1255.9591073916533,1232.0000000000002,1249.3240462288884
1232.0,1240.3609840621532,1232.0,1216.9557963876885,1228.7513799526055,1208.2785510390381
1232.0,1237.1562835356933,1232.0
1232.0,1234.9199314808504,1209.824300211179,1232.0,1267.2333243240569,1243.8462299838204
1232.0,1215.6294015354495,1232.0
1232.0,1250.1199778231364,1232.0,1250.9141694799148,1218.1828628188402,1243.4847986952175
1232.0000000000002,1246.1159274278893,1225.3865818808574,1250.0592817609113,1232.0,1220.8396949765054,1251.8019970030268,1197.907480610995
1232.0,1217.8887563493356,1217.6058994869936,1232.0
1232.0,1224.1062443737533,1233.7368143537763,1224.891251609889,1232.0,1206.5272043561233,1247.5441679184046,1252.615307300297
1232.0,1296.4974887105366,1232.0,1245.3863973611965
1232.0,1226.1999579149438,1231.9999999999998,1257.3713318293628
1232.0,1211.570442200725,1232.0,1228.1094491029244
1232.0000000000002,1232.040791178421,1232.0
1231.9999999999998,1230.750212764036,1236.7863227961914,1232.0,1240.034177131721
1232.0,1241.8171473346213,1221.0513001306815,1232.0000000000002
1232.0,1226.8972787054333,1248.4336665077376,1232.0
1232.0,1250.8464706773339,1218.7237794679247,1232.0000000000002,1228.868227080792
1232.0,1224.3155272846554,1255.1783131146008,1232.0000000000002
1232.0000000000002,1221.701396310785,1232.0,1213.191164126754,1240.7056576428533,1215.9459100890392
1232.0,1235.844350892401,1232.0,1205.8916755476682,1248.346131888806
1232.0,1251.7301005940708,1307.3844629120017,1234.8623444496322,1198.5340760898102,1232.0,1241.225355694166,1253.7775213793698
1232.0,1232.0000000000002
1232.0000000000005,1231.5971844151009,1255.7356699709042,1227.4332409977383,1232.0000000000002,1233.796495087129
1232.0,1315.6698584062246,1232.0,1227.6175573204
1232.0,1234.1853808352005,1215.5765957075068,1232.0,1274.9538925602355
1232.0000000000002,1231.9999999999998,1267.3380691738664
1232.0,1250.94477154047,1253.2434827191944,1232.0000000000002
1232.0,1222.0775407339672,1231.9999999999995
1232.0,1211.6800836627278,1211.0118428934302,1231.9999999999998,1232.684578932623
1232.0,1210.5222058060326,1229.5554070534101,1217.6083935528613,1231.9999999999998
1232.0,1223.3116483789734,1244.8853610015262,1232.0
1232.0,1273.1202729271408,1214.01160873531,1238.0244226307984,1232.0,1271.8005095026697,1225.47023159869,1244.8039944027926
1232.0,1245.5127996513834,1235.8803905479915,1232.0,1215.7942964123145,1219.1731800400598,1244.9445183109367
1232.0,1231.9999999999998,1255.2528454746216,1206.376450059968
1232.0,1282.4398804668797,1219.8710825861394,1232.0,1211.2134637858087,1238.4368785468853
1232.0000000000002,1220.383505526171,1237.6635081915688,1232.0,1215.8459207804506,1212.6317262411424,1222.8284507779063
1232.0,1207.9516913727643,1295.6540250442224,1232.0000000000002
1231.9999999999998,1253.932905616312,1232.0
1232.0000000000005,1232.0000000000002,1221.2045368887332,1268.5388432527457,1225.0881028007925
1232.0,1207.2676296337384,1232.0
1231.9999999999998,1241.4485153721207,1232.0000000000002,1239.2291706117285,1252.4772567099676
1232.0,1232.0,1233.8211380359678
1232.0,1237.9803126907188,1231.9999999999998,1226.1951793448302
1232.0000000000002,1215.4427734518347,1231.9999999999998
1232.0000000000002,1255.3922712950719,1232.0,1225.3179443075787
1232.0000000000002,1234.7078900689041,1210.8985493383634,1232.0,1213.5434288296938,1251.029328089541,1241.746437954878,1234.239330112862,1218.0404484474625
1232.0,1219.9286724683632,1232.0,1251.3108591527239
1232.0,1271.00056319898,1232.0,1241.8473103597207
1232.0,1204.1894840075252,1238.5866972916122,1285.5207145031993,1232.0000000000002,1274.0520938125353
1231.9999999999998,1207.5120037549311,1231.9999999999998,1210.876001584646,1271.5386307431831,1234.3207291863562
1232.0,1227.1737739275527,1232.0,1224.1831894298377
1232.0,1232.0,1246.6780447202605,1229.3499766557056,1217.6664646715012
1232.0000000000002,1280.672593245045,1232.2932591803383,1232.0,1247.7915270408248,1284.7556384922063
1232.0,1232.0000000000002,1209.666079243969,1240.4034048740189
1232.0,1232.0,1231.4868878450152
1232.0000000000002,1224.8182564958431,1232.0
1232.0,1226.8364105738076,1232.0,1263.7327789185774,1245.2344453200005,1259.1951385652428
1232.0000000000002,1217.6092464655896,1222.9335266892206,1232.0,1248.8914734832713,1242.6301042215403
1232.0,1237.9195302024038,1232.0
1232.0000000000002,1236.3946106061285,1232.0,1211.1965129133573
1232.0,1232.0,1246.6840326432352,1218.3252363734744
1232.0000000000002,1208.0579994211764,1232.0,1234.4105236928744
1232.0000000000002,1232.0,1243.584500271674,1235.9804036715211,1206.7380209214848
1232.0,1265.918410282511,1232.0000000000002,1254.8825059258954
1232.0,1244.5402395481094,1205.0784078643032,1242.5617300018234,1205.4529932955193,1232.0,1244.3238185772136
1232.0,1280.3687500435012,1232.0000000000002
1232.0000000000002,1237.4757391923836,1232.0
1232.0,1232.0,1270.185160770521
1232.0000000000005,1197.21482176927,1232.0000000000002,1216.1174519911553,1300.8567098318554
1232.0000000000002,1220.4197145157952,1274.2804544113033,1270.3235061424105,1232.0000000000002,1223.6034610051463
1232.0,1216.0623805330479,1232.0000000000002,1237.21180391546
1232.0,1232.0,1219.5396810942577
1232.0000000000002,1336.9189809156096,1232.0,1206.9757312423883,1220.845409119486
1232.0,1257.8705488751425,1239.9902470228178,1241.1987580994098,1249.6655589305697,1232.0,1214.746847551874,1235.883650239626,1226.6902292241082,1212.5717481348127,1322.754512071466,1203.7712586706696,1200.562826028469
1232.0,1232.0
1232.0,1232.0,1272.343143870584,1236.2312850361434,1235.6944308648654,1240.6589467668257
1232.0000000000002,1210.2091090020274,1232.0000000000002,1204.4134406057037
1232.0,1250.4358444588486,1223.5437981663074,1232.0,1223.7582332677212,1279.7310221219982
1231.9999999999998,1245.8889203212173,1244.6179663689445,1220.7312718891646,1232.0,1237.7793202203277
1232.0,1213.4564187557737,1232.0,1216.150421141536,1238.1817094706362,1280.8965532860432,1273.466659060183,1233.1101860486574,1225.7943623527367,1203.0384151374542
1232.0000000000002,1217.7483444753532,1232.0000000000002,1205.3786039507293
1232.0000000000002,1214.3269970021317,1232.0,1227.9996484002509,1226.6786096525561
1232.0,1223.308355193143,1212.9054995979798,1232.0,1234.2562083420553
1232.0,1206.910934807482,1232.0,1285.714921313053
1232.0000000000002,1231.866444792529,1232.0
1232.0000000000002,1229.144262776837,1232.0000000000002
1231.9999999999998,1213.8782478656474,1232.0000000000002
1232.0000000000002,1216.1768111204701,1261.9549367017617,1232.0,1215.6101318995763,1239.9198231914058,1198.7515517262307
1232.0,1269.4230866205444,1232.0,1245.5412773009232,1230.651706576462
1232.0,1208.3171474151727,1234.937826367347,1232.0
1232.0,1246.953457577277,1232.0,1229.7880843481532,1232.0109156393191
1232.0000000000002,1250.4023546171416,1238.5211677253942,1232.0,1235.087085621609,1215.9147366681852
1232.0,1210.233155820068,1225.2790094592533,1232.0000000000002
1232.0,1250.4648649463347,1232.0,1215.976643416218,1237.011713995025,1222.2079771445394,1216.949596205855
1232.0000000000002,1234.5127919070262,1232.0,1215.858578815539
1232.0000000000002,1209.8294707774166,1232.0,1205.7987712518989
1232.0000000000002,1232.0000000000002,1238.733091073949
1232.0,1213.801242589754,1228.8553997050074,1232.0
1232.0,1232.0,1237.5723106372716
1232.0000000000002,1264.3318754770405,1282.0233103766352,1232.0,1218.7174191588063
1232.0,1211.405303197962,1232.0
1232.0000000000002,1230.082654626581,1231.9999999999998
1231.9999999999998,1219.3214048241455,1260.3538404034439,1232.0
1232.0,1232.0,1226.217146699312
1231.9999999999998,1232.0,1233.5744353285068,1224.3146815290017
1232.0,1232.0000000000002,1220.9709386217373
1232.0,1268.2068268523733,1231.9999999999998,1211.4486215004285
1232.0,1232.0,1232.410652892584,1226.981511509141,1278.013332984883
1232.0,1224.2342016517168,1232.0000000000002,1222.4493798095432,1268.1210040841002,1246.043059119627,1273.0230631720751
1232.0,1218.0963809511427,1232.0,1243.133689961538
1231.9999999999998,1249.1878705757313,1232.0000000000002,1223.878923578564
1232.0,1220.5724356680585,1210.3586196135898,1240.7425857614173,1232.0,1255.1672212646617,1259.6580998923946,1252.954048639622,1241.2454623769918
1232.0,1246.12445879003,1232.0000000000002
1232.0,1199.9868923322513,1234.2798873345603,1232.0,1210.6839468474789,1241.1591220752825
1231.9999999999998,1226.6406255157835,1232.0,1215.1732294581984
1232.0,1227.9295726078597,1232.0,1285.5425330699834
1232.0,1239.5718322586533,1246.7169898691784,1232.0000000000005,1216.4603192191732,1246.5466007182304
1232.0,1232.0,1219.1092409574014,1220.8495142613572
1232.0,1260.1454833926084,1239.2015042512924,1232.0,1227.1122054352938
1232.0000000000002,1212.6615138130915,1232.0,1214.7355235514049,1211.3760340112851
1232.0,1232.0
1232.0000000000002,1205.5187658812927,1232.0,1258.1419407752478
1232.0,1232.0,1245.5188410524333
1232.0,1254.9485161014543,1232.1402012231606,1294.4601002960687,1232.0
1232.0,1242.9234904261411,1223.7937817090187,1232.0
1232.0,1232.0000000000002,1231.2260805519013,1240.2102976449958,1230.950739330931
1232.0000000000002,1231.9999999999998,1229.1393139803513,1227.998834743638
1232.0,1232.0,1212.7870832646076,1247.768305277461
1232.0,1228.3912018439037,1232.380383886193,1232.0000000000002,1240.7809480169099,1213.38368872373
1232.0,1232.0
1232.0,1246.7352463594104,1205.5373740102477,1232.0,1228.3624152414875,1212.0164016146896
1232.0000000000002,1265.1794753804097,1232.0,1247.1430325725232,1248.1312017154842,1255.9204653845056,1243.3691978725105,1208.3394977920118
1232.0,1232.0,1229.1218079322866,1206.1360224538907,1228.1539930238628
1232.0,1259.318789806275,1232.0,1215.5394000450056
1232.0,1247.7332945991307,1243.9291233690356,1252.2505806763681,1232.0000000000002
1232.0000000000002,1232.0
1232.0,1234.1329616956134,1232.0,1208.2280946640087,1206.5952278057246,1219.3007882935688,1303.4545106767243
1232.0,1262.3853238719998,1261.904599162969,1232.0,1290.9117487235706
1232.0,1236.994526829166,1232.0
1232.0000000000002,1217.9139140603663,1232.0,1244.4441880668471
1232.0,1224.859254655809,1232.0,1292.5741441693297
1232.0,1232.0
1232.0,1232.0,1202.9110805349187,1237.3484633889507
1232.0000000000002,1256.0733338304294,1260.1541243681431,1232.0
1232.0000000000002,1229.8393148999455,1204.9918890165877,1232.0000000000002,1216.9047201748294,1196.4994131780772,1247.147281133889,1224.2633900641322,1249.7736216518824
1232.0,1218.8723700593719,1232.0,1196.204121153299,1245.9829682911522
1232.0,1212.3709129407857,1235.1547616266378,1237.992247965671,1232.0000000000002,1250.8492841013503,1281.1441393858793,1226.5999885605459
1232.0000000000002,1232.0,1240.5305996148659,1242.4399133818285
1232.0,1215.9444166580013,1232.0,1257.6406727615301
1232.0000000000002,1231.527886830809,1232.0,1222.7419351366748
1232.0,1221.9330417541544,1255.9253403887158,1232.0,1197.988912252484,1216.0535079931553
1232.0,1232.0,1248.8678454382782
1232.0,1232.0
1232.0,1243.4444845250152,1232.0000000000002
1232.0000000000002,1227.9257590245943,1232.0000000000002,1260.3442480640615,1245.3910441379703,1237.8270765660188
1232.0000000000002,1232.0,1227.7582175591374
1232.0000000000002,1222.4087308084372,1232.0,1226.5713456555154,1240.208791015085
1232.0,1253.3589640844039,1232.0
1232.0,1227.8092859456242,1231.9999999999998
1232.0000000000002,1232.0
1232.0000000000002,1229.8142917434277,1197.375147243712,1232.0
1232.0000000000002,1257.2822567254195,1232.0,1214.7042986698273,1282.2068616077206
1232.0,1226.3654932541751,1232.0
1232.0000000000002,1210.2586346307423,1232.0,1293.1702570565642,1225.7634570247146
1231.9999999999998,1198.4464452942225,1232.0000000000002,1213.1670657080629
1232.0,1232.0000000000002,1217.0216715095542,1252.2768404104208,1200.758237627069
1232.0,1232.0000000000002,1243.13232587286
1232.0,1225.4060663703942,1240.998344186676,1232.0
1232.0,1235.6835527143303,1232.0
1232.0,1232.0000000000002,1241.7715896014504,1208.5829645751458
1232.0,1236.511919352064,1232.0,1211.2600793676124
1232.0000000000002,1234.861024168487,1232.0000000000002,1200.934057759203
1232.0000000000002,1213.7284675592248,1252.3838390841386,1232.0
1232.0,1232.0
1232.0,1242.8906770259262,1271.9306228050368,1232.0000000000002,1238.0573063678846,1233.2881438108877
1232.0000000000002,1214.6745199580562,1236.7912840690817,1241.3002944694833,1232.0,1238.3565904342265,1236.8569677613548
1232.0000000000002,1214.0970265994654,1232.0000000000002,1229.3707699467113,1221.4698619475614
1232.0000000000002,1269.90976372969,1209.7074531999356,1232.0,1204.2815754284045
1232.0,1231.9999999999998,1226.0975218307613,1215.8216005510242
1232.0,1252.463790545696,1232.0,1252.9366868796667
1232.0,1232.0
1232.0,1232.0
1232.0,1232.0000000000002,1202.5058856098087
1232.0,1232.0,1233.5266904793432,1242.079439122944
1232.0,1232.0000000000002,1216.001568911581
1231.9999999999998,1232.0
1231.9999999999998,1270.30199089928,1232.0,1229.8992306750486
1231.9999999999998,1232.0,1233.9433430235151
1232.0000000000002,1207.1186248712897,1232.0,1236.26763374671,1268.1327449447233
1232.0,1232.0,1232.8704467425441
1232.0,1231.9999999999998,1232.0833058929124
1232.0,1248.7757830293415,1232.0
1232.0,1209.1255263335113,1227.2102111670133,1255.8767708369692,1232.0,1253.908749472276
1232.0000000000002,1232.0
1232.0,1222.33602379301,1230.0550734821968,1232.0000000000002,1233.7436233465337,1245.4334616370415
1232.0,1245.0761241313958,1232.0
1232.0,1232.0,1233.3238112688744
1232.0,1237.937698137189,1217.6445421471517,1232.0000000000002,1249.2089852954769,1256.556977036096
1232.0,1219.5356204828902,1232.0
1232.0000000000002,1237.1149970129159,1232.0,1237.57934795869
1232.0000000000002,1231.9999999999998,1223.7049535157948,1238.776947177175,1216.2817922191723,1219.1018801022742
1232.0,1258.703961399191,1232.0,1241.6164487304088,1235.3807422675259
1231.9999999999998,1230.2993225840712,1232.0,1263.6621400410777
1232.0,1223.9365588432402,1232.0000000000002,1218.3908939966807
1232.0,1232.0,1224.949030988835,1219.4956004899307
1232.0,1209.1685733587049,1199.8757274790416,1232.0000000000002,1219.936450774011,1232.8329750386188,1216.6557169588407
1232.0000000000002,1232.0,1228.2436672626459,1200.4239433474884,1240.9359997406873
1231.9999999999998,1232.0000000000002,1218.0239694702143
1232.0,1233.3517892963212,1231.9999999999998,1254.4450064502241,1223.1185986193977
1232.0,1216.404200274575,1232.0,1230.3288496965163,1202.4264015337283,1245.947239635682
1232.0,1237.2791332131735,1232.0772620728442,1248.0489484084346,1232.0000000000002,1246.2765385525076
1232.0000000000002,1232.0
1232.0,1253.9358972362256,1232.0
1232.0000000000005,1232.0000000000002,1225.8151327795288
1232.0,1232.0,1220.85218566819,1237.8175925221394,1253.0257920798272,1232.5616037559575
1232.0,1232.0,1244.755956532643,1251.9593264008665
1232.0,1212.9050481453353,1231.9999999999998
1232.0000000000002,1220.6619557412657,1235.5093714984,1232.0,1237.8035344489824
1232.0,1232.0000000000002,1229.7619472143735
1232.0000000000002,1233.4709258951223,1263.148799619931,1232.0000000000002,1221.1153008374586,1233.6142464946338
1232.0,1231.9999999999998,1239.4936157757434,1232.1072639437396
1232.0,1231.9899717271505,1232.0,1229.2893027560124
1232.0000000000002,1206.7432593165474,1232.0,1235.8132760204007,1196.832918063051,1234.2353711052426
1232.0000000000002,1232.0,1245.3905952516218
1232.0,1209.8967481837926,1232.0,1244.9915115872554,1295.924987406308
1232.0,1212.5253674906983,1206.0992724684277,1232.0,1257.6285831695182
1232.0,1227.4512772892147,1232.0
1231.9999999999998,1205.4132666966752,1232.0,1228.4374211364839
1232.0000000000002,1228.8677961055978,1232.0
1232.0,1244.1732725624222,1232.0
1231.9999999999998,1232.0000000000002,1217.298585449119,1253.1514564187678,1234.318706629625
1232.0,1238.0461435303396,1232.0,1244.3109787096234
1232.0,1256.6072731190598,1275.6968273952941,1194.184361905267,1232.0,1262.8518975430236,1212.5250467015517,1265.7773128146878
1232.0000000000002,1204.7031719461577,1214.0503915250888,1232.0
1232.0,1276.8800346854746,1232.0
1231.9999999999998,1219.690230188604,1232.0
1232.0,1232.0000000000005,1234.2297105136624,1214.520787300495
1232.0,1212.2583871596764,1217.3288343872894,1232.0,1202.8075464150038,1227.010021828867
1232.0,1232.0
1232.0000000000002,1251.1842960035067,1261.5253366542167,1232.0000000000005
1232.0,1253.1416919358223,1232.0000000000002,1258.4776936755748,1245.373761674824
1232.0,1258.3844618827904,1261.4985213980574,1232.0000000000002
1232.0,1239.616234142355,1232.0,1241.809116256609
1232.0,1232.0
1232.0,1232.0,1259.8248795466293
1232.0000000000002,1248.0873483121281,1242.5990400564506,1232.0,1228.4098136023636,1239.1588719736367
1232.0000000000002,1200.2495748081983,1232.0000000000002,1203.3543719848137,1220.7602950103033
1232.0,1212.3678347265786,1232.0,1205.6906640026766,1242.5966908496018
1232.0,1236.7243879734142,1231.9999999999998,1262.9965040202576,1251.9128145953564
1232.0,1237.1235663946527,1234.8209328386927,1232.0000000000002,1216.197284159044,1276.265726508511
1232.0,1232.0
1231.9999999999998,1240.2623521816852,1232.0000000000002
1232.0,1212.1534912641332,1232.0,1241.991963599055
1231.9999999999998,1255.6634420656312,1237.487016973441,1232.0,1242.0112615282467,1221.5069372572118,1211.5561602667242
1232.0,1232.0,1214.712051875344
1232.0,1250.3926029273064,1232.0,1265.866937041242
1231.9999999999998,1245.5381070473888,1230.3147320471392,1232.0
1232.0000000000002,1237.073455498043,1232.0
1232.0,1232.0
1232.0,1231.9999999999998,1244.7978881218735
1232.0000000000005,1232.0000000000005,1248.4711606091253,1223.3326866382456
1232.0,1243.0368677556187,1232.0
1232.0,1211.7693978303566,1240.9082969538674,1221.5081392238253,1232.0,1214.241481806245,1256.408488257276,1214.0073359299017,1216.7325396223214
1232.0,1232.0000000000002,1232.4143939803607
1232.0,1213.0976936039435,1239.9501293276112,1232.0
1232.0,1232.0,1222.4496231537805
1232.0,1206.4776259960804,1232.0,1209.1697783613438,1220.154810688644,1240.8578528392188,1226.1911702921805,1274.6405990746648
1232.0000000000002,1232.0,1223.281037727907
1232.0000000000002,1210.1328392855164,1232.0000000000002,1229.5770051638617
1232.0,1220.823373730149,1219.6313491843348,1232.0000000000002,1228.249378387896
1232.0,1215.5191886475238,1232.0,1249.4278191562814
1232.0000000000002,1215.0913047734348,1232.0000000000002,1244.71969557209
1232.0,1234.003816698724,1224.840961855353,1232.0,1226.4074519586732
1232.0,1249.3407268945723,1232.0000000000002,1251.4833816676487
1232.0,1235.84677042624,1232.0,1233.8850780408775,1258.2187815143757
1232.0,1232.0000000000002,1233.8753739183103,1232.5796224479084
1232.0,1236.8274185055745,1232.0,1266.5343309524196,1217.6815937954061
1232.0,1247.260469732929,1216.9561921585744,1231.9999999999998
1232.0,1208.8908533278964,1232.0,1230.7324366343562
1232.0,1235.1027121914149,1232.0,1234.2912776398673,1214.7331138819466
1232.0,1239.822534217475,1232.0,1193.9070920619884,1241.6255488663862
1232.0,1232.0
1232.0,1215.6188854818515,1234.7979362903934,1232.0,1267.1243761038672
1232.0,1232.0,1226.8018119634892,1255.9085208824647,1346.2503785593467,1216.8224582128407
1232.0,1220.5747237953537,1232.0,1239.2875394332507
1232.0000000000002,1253.8312402003928,1232.0
1232.0,1249.6049601818536,1232.0
1232.0,1232.0000000000002,1205.4169423026822
1231.9999999999998,1237.3050011014875,1207.6690402128977,1227.5866965448768,1232.0,1226.268299497003
1232.0,1232.0,1225.8291068165784,1250.5438312374827
1232.0,1213.4670609686143,1232.0,1226.318751738957,1222.5327899755175
1232.0,1273.2706455650252,1223.5432330906947,1232.0
1232.0,1221.5081882928416,1232.0,1256.9778002156731
1232.0000000000002,1242.6475727902207,1232.0,1245.1017593324848,1219.654721673049
1232.0000000000002,1232.0,1226.3000601351046
1232.0000000000002,1225.812970962745,1232.0
1232.0,1229.6033762791224,1226.204525402755,1260.0007009904275,1232.0,1248.0065707580288
1232.0000000000002,1243.3926327733645,1244.4143969719173,1232.0,1252.3110169064378
1232.0,1232.0
1232.0,1231.5447979583425,1232.0000000000002,1235.2194418780962,1228.309614811422
1232.0,1232.0,1226.0371271802585,1228.2969498932196,1262.0519449123178
1232.0,1258.2396920312183,1232.0,1230.205794158713
1232.0,1240.6322195923146,1216.6196643176436,1232.0,1229.2526576555058
1232.0,1232.0
1232.0,1222.690542025506,1228.1883935257183,1232.0,1228.8796592645906
1232.0,1236.9527725678208,1232.0,1231.026319122554,1226.5833572290323
1232.0,1234.9695038711943,1223.0791599043084,1232.0000000000002,1260.2778781598183
1232.0,1203.0510697685108,1225.7099731472895,1232.0
1232.0,1228.8015288636036,1232.0,1221.2890441869574
1232.0000000000002,1245.7082442329088,1232.0000000000002
1232.0000000000002,1224.8334263366173,1232.0,1269.0964335851786
1232.0000000000002,1267.8942466927713,1262.3584309146117,1229.2339165218345,1232.0000000000002,1285.7596012400031,1218.2595166513502
1232.0,1229.1586080369254,1232.0,1251.7282858242954
1231.9999999999998,1223.9033048786794,1232.0,1238.3248558050525
1232.0000000000002,1232.5320318891643,1230.6228659361605,1232.0,1228.0105821636569,1211.0487016452416,1208.8774555660596,1237.9581776909677
1231.9999999999998,1251.0215459893843,1267.6989351169943,1232.0
1232.0,1257.6341929673695,1232.0
1232.0,1232.2246685953721,1232.0,1226.82461979874,1227.7940095397719,1329.4063245074294
1232.0,1232.0,1200.399370999499,1226.4394935678943,1265.4422762277109
1232.0,1231.9999999999998,1216.1966327035045,1302.0664391887126
1232.0,1238.5500255852785,1210.1236741112086,1224.885566275438,1232.0000000000002,1227.794975192437
1232.0,1253.60655192487,1232.0,1225.9650391150087
1232.0,1209.1562397137243,1240.192278376432,1232.0000000000002,1244.327187236573
1231.9999999999998,1222.577250034928,1232.0,1221.067133039006,1259.5718241705968,1247.1632282706075,1227.4823025876067
1232.0,1213.1652877798401,1236.9254173351967,1232.0,1242.386237634755,1236.5576885460048,1210.7397069262752
1232.0,1277.9842842635194,1232.0,1250.0610478426242
1232.0000000000002,1211.0089618030215,1250.9431568899843,1251.4104566607798,1232.0,1218.1903870932072,1241.8582308393186
1232.0000000000005,1232.0000000000005
1232.0000000000002,1249.5601543577914,1236.787242937306,1232.0000000000002,1238.372785161108,1207.1269140106683
1232.0,1208.0816828137756,1266.973640825512,1232.0000000000002,1225.170509445532
1232.0,1250.6217632869418,1232.0,1229.2131783779146
1232.0000000000002,1215.706919472777,1232.0000000000002
1232.0000000000002,1231.9999999999998
1232.0,1266.068826897872,1246.1376074403854,1240.2475168595,1231.9999999999998
1232.0,1232.7414890604773,1221.6498502583102,1232.0,1229.032970042456
1232.0,1241.7823166100213,1232.0,1247.5292446139038,1243.1691888641706,1240.5428451705902
1232.0,1250.5750499494713,1204.3259646568804,1232.0,1271.3756500837808,1215.9307334891544,1226.4886046119836,1203.7207594543597,1214.6068979102831
1232.0000000000002,1232.0,1243.9418040760206,1215.343381250518,1246.1667870887263
1232.0,1213.5460104475314,1231.9999999999998,1240.7009729278702,1232.254052890226
1232.0,1232.0,1234.8753790872754,1233.8160396330727,1241.1229162407928
1232.0,1232.0000000000002
1232.0000000000002,1210.8873979160883,1231.9999999999998,1223.5252137064856
1232.0000000000002,1263.9832033571365,1257.2857942971807,1232.0,1223.8629907710579
1231.9999999999998,1252.3387675655122,1278.5084823104119,1232.0,1196.3116392154188
1232.0000000000002,1236.9451774333834,1232.0,1244.7766238458912
1232.0,1216.4903602147872,1231.9999999999998,1217.8713922495049,1207.6433293548498
1232.0,1210.192454603504,1232.0,1230.6800388041092,1207.2853881049818,1216.5280136255315
1232.0,1220.102946165435,1232.0,1226.0028367099083
1232.0,1224.2039833165736,1236.424063063129,1195.9921510187392,1232.0000000000002
1232.0,1236.9864898416363,1206.277581166417,1232.0,1239.84458966986,1226.8565572513683
1232.0,1241.5859442004378,1261.3686859268153,1214.3020814175181,1232.0000000000002,1230.3328963662127,1241.2437584852034,1224.898450914421,1203.560307521679,1268.9559867786706,1207.856196085172
1232.0,1232.0,1242.25671307033
1232.0,1268.5878624518461,1205.4047380787026,1232.0,1221.2786391749712,1264.1219509980558
1232.0,1248.4209604954285,1241.9200951984415,1209.43547314297,1232.0000000000002,1247.5795302514982
1232.0,1224.9058239466765,1237.5199999697563,1232.0,1212.7597241082567,1225.90243392867
1231.9999999999998,1232.8263733771314,1232.0000000000002,1235.3177764575505
1232.0,1259.482259106562,1232.0000000000002
1232.0000000000002,1232.0,1228.4830338724712,1215.636737597051
1232.0,1225.1719651897015,1231.9999999999998
1232.0000000000002,1231.111698790411,1228.5886820972294,1232.0
1232.0,1235.938425967125,1232.0,1254.1841231531362
1232.0,1218.2335288138922,1242.4389574537095,1259.4245077517908,1232.0,1277.193556862293
1232.0000000000002,1277.102328078176,1258.4968453653569,1223.493134181211,1232.0000000000002,1212.5371858653868,1250.4560042225978,1241.102757131947,1228.6767777646148,1217.8637979932232
1232.0000000000002,1238.338062914342,1232.0,1272.209527135259,1210.3790916744997
1232.0,1232.0,1242.1686195941236,1227.4573658008146
1232.0,1299.542475152496,1232.0000000000002,1251.483423306941,1231.363964331809,1209.3848392882126,1265.7489170235178,1218.8967680525147
1232.0,1232.0,1222.089641663727
1232.0,1232.0000000000002
1232.0,1232.0
1232.0,1232.0
1232.0000000000002,1212.286390418362,1232.0000000000002
1232.0000000000002,1232.0
1232.0,1206.0660377710162,1220.5735073288226,1224.226698822249,1232.0
1232.0,1245.329280816317,1238.312797186322,1232.0,1251.157692570601
1232.0,1232.0
1232.0,1237.8440361523594,1245.6360844889398,1205.1928472246796,1232.0000000000002
1232.0,1261.4703125103304,1210.935049306578,1232.0,1236.695073544227,1251.5393825444455
1232.0,1260.2514445587763,1216.6957528261337,1232.0,1227.075096204546
1232.0000000000002,1203.7213719099796,1231.9999999999998,1224.516701284851,1249.620644848139
1232.0000000000002,1232.0
1232.0,1232.0,1236.8138237437022,1220.834399049977,1236.225660899161,1214.9126952611296
1232.0,1248.6734939782605,1217.7053997030714,1215.5414547902467,1247.3133479828257,1232.0,1275.3904892284615,1261.9787364584874,1223.6619066487553,1236.171119348097
1232.0,1211.9673377944491,1252.8674302030975,1204.315058999564,1232.0000000000002,1213.9746085808827
1232.0000000000002,1231.9999999999998,1229.189600770832,1223.3096638796924,1228.1819173896158
1232.0,1232.0,1217.1604701948017
1232.0,1203.9706082144528,1232.0
1231.9999999999998,1232.0000000000002,1276.888378778632
1232.0,1232.0000000000002
1232.0,1249.171737646441,1228.7785103158803,1233.7834698244085,1232.0,1231.7283016216077,1201.7642474502256
1232.0,1233.790427400771,1347.296460143994,1232.0,1206.8333812993255
1232.0,1220.2837048381502,1239.3287010878375,1232.0
1232.0,1232.0,1249.4747977806733,1267.4717588212213
1232.0,1228.6749558229126,1232.0,1226.3030226298094
1232.0000000000002,1218.72267841282,1232.0
1231.9999999999998,1220.705437769129,1232.0,1248.664988298286,1215.5438109748118,1202.6751420365326
1232.0,1280.7833305484644,1248.4953520316208,1239.1556202476972,1232.0
1232.0,1201.763152095221,1226.8275848023306,1232.0
1232.0000000000002,1243.5883477934096,1251.396154616663,1232.0
1232.0000000000002,1244.9622902667454,1241.9114739954284,1231.9999999999998,1241.3987327769792
1231.9999999999998,1235.0190664931824,1219.9732306282033,1232.0000000000002
1232.0,1232.0,1238.7438810363028,1242.1331210484539
1232.0000000000002,1200.7456314022706,1206.5192799581635,1267.0349092399583,1231.9999999999998,1229.5299884561312
1232.0000000000002,1232.0000000000002,1225.2720851646784
1231.9999999999998,1232.0,1270.982754180599,1212.2540640366187,1207.636016247274
1232.0000000000005,1214.9664591524938,1242.5810961244963,1232.0
1232.0000000000002,1256.3273204197583,1232.0,1211.7209242950153,1216.4702155939713
1232.0,1228.6970283243697,1252.6695570568775,1232.0,1237.7943420171314,1215.7185626104763
1232.0,1242.6066248782051,1232.0
1232.0000000000002,1232.0,1260.1619169276332,1222.9964005753588
1232.0000000000002,1255.5056386647561,1211.534733133924,1232.0000000000002
1232.0,1212.283889304349,1232.0,1249.508401350297
1232.0,1244.7101591265207,1232.0000000000002
1232.0000000000002,1230.8472808426811,1232.0
1232.0000000000002,1234.5751151446123,1225.7980693361076,1232.0,1209.1739968367365
1232.0,1232.0000000000002,1257.7460357808818,1244.236665052846,1249.4557814835853
1232.0,1239.891277401021,1231.9999999999998,1225.7483635937042,1255.6074342752574
1232.0,1221.6223483527901,1247.5091617411874,1232.0
1232.0,1232.0,1236.8193613282308,1209.0126591842513
1232.0,1260.969492401438,1232.0000000000002,1233.8391050352368,1245.615654156156
1232.0,1207.1988609536138,1232.845724848735,1240.5221857475758,1232.0
1232.0,1218.8921616879536,1249.3973744990399,1242.3435985068102,1232.0000000000002,1347.7973448745029,1244.353759941716
1232.0,1239.9307284145773,1232.0,1257.5577151770378
1232.0,1194.72674921688,1231.9999999999998,1233.616471707739,1225.8317205539854
1232.0,1238.4814953711902,1237.534956427218,1219.838888030695,1232.0,1225.7608858667259
1232.0,1205.5794979413918,1204.835181335838,1232.0
1232.0000000000002,1229.2477444304152,1301.4580000452952,1214.6545330137337,1232.0000000000002,1216.01338666326,1228.2765227643604,1205.716824839993,1220.3644864732692
1232.0,1229.7725878646793,1246.0639438523924,1232.0,1218.7792890045814,1253.829295145209,1222.1931006819527,1257.5291343032022
1232.0,1212.795108535471,1232.0,1212.486084234826
1232.0,1210.111773359026,1232.0000000000002,1236.8538342660556,1224.881338583333,1238.8443362210623
1232.0,1228.9026422158126,1231.9999999999998
1232.0,1264.985834031591,1235.6940631639714,1232.0,1232.1625197216383,1218.1482712899087,1219.196527858082,1219.1504976267554,1231.1623853308547,1234.733411607483
1232.0000000000002,1232.0000000000002,1236.5344956014926
1232.0000000000002,1232.0
1232.0,1232.0,1214.3321983989792,1326.8669875969574,1298.8516247122755,1217.9486312458148,1213.970896330987
1232.0,1209.0931500049116,1247.167188797641,1232.0,1221.6667589459191,1263.6284063857868,1218.5487039950024,1270.3129944582101
1232.0,1243.3535158184297,1256.1550775225924,1232.0000000000005,1214.9993652540481
1232.0000000000002,1238.2208664859393,1204.0154004779608,1232.0,1239.0578849104486,1221.4157435585726,1227.844866755161
1232.0,1232.0,1224.570737251265
1232.0000000000002,1230.89719838285,1232.0,1262.765644315843,1230.721273756194,1250.1254730606813,1236.8423097077768
1231.9999999999998,1228.3999130708714,1232.0,1214.4248261595296,1232.7243494095874
1232.0,1210.2786591741715,1228.7987092996918,1232.0,1227.2928106612,1236.411341884221
1232.0000000000002,1202.8517377773933,1232.0
1232.0,1249.653197964845,1227.03138344078,1234.0644533591417,1232.0,1215.1913495268534,1236.3966802930724,1229.6615320667654
1232.0000000000002,1252.5313994156832,1287.2694055382278,1232.0,1279.120048877904,1212.7268372515991,1281.9245932930953
1232.0,1214.0997280112601,1232.0,1222.036903269494
1232.0,1200.2063217558677,1262.571751893,1232.0,1215.9655567120035,1240.4805708028557
1232.0,1228.529123889437,1232.0000000000002,1225.262165525303,1239.7608045939216,1237.6376512037461
1232.0,1236.4758816572191,1252.1889907293773,1232.0,1215.913609109243
1232.0,1232.0000000000002,1216.727782302653,1214.0078370783956
1232.0,1202.6238564675543,1232.0,1226.5603065281864,1241.267951059388
1232.0,1232.0,1254.0248615888772,1245.7936954773952
1232.0000000000002,1232.0,1227.3310436241786,1247.5879796121317
1232.0,1265.3853047240625,1218.11054598019,1232.0000000000002,1217.8199047420621
1232.0000000000002,1232.0,1232.1072640516018
1232.0,1232.0,1263.1525329112228
1232.0,1206.3859567373918,1253.6181700040001,1232.0,1264.649072654753,1214.1932184937825,1239.1640521108848,1217.3712909461271
1232.0,1232.0,1229.2787038451174,1260.678869630635
1232.0,1268.085577945616,1210.1447236754882,1232.0,1254.2165473215875
1232.0,1227.563081727621,1232.0000000000002,1226.9293639601087
1232.0,1216.9039435342752,1242.6306864924857,1232.0,1220.0229455793483
1232.0000000000002,1232.0000000000002,1220.434949687081,1241.6003531370798
1232.0000000000002,1231.9999999999998
1232.0,1202.7724983467854,1257.103186179434,1260.8048603447417,1232.0,1263.889689103477,1207.847582130948,1274.0747305809232,1230.983585012627
1232.0,1232.0
1232.0000000000002,1228.1031832573697,1232.0000000000005
1232.0,1232.0
1232.0,1225.2837084398338,1229.3296356893109,1232.0000000000002,1213.0590048205856,1224.0509989288782
1232.0,1232.0000000000002
1232.0,1214.9143305575983,1211.483687141049,1232.0
1232.0,1232.0,1220.1016360903736
1232.0,1270.060554888114,1224.5899552057906,1232.0000000000002
1232.0,1225.8638388652055,1232.0
1232.0,1235.380752311186,1246.182184796707,1214.9995565574557,1232.0
1232.0,1213.6218644018934,1244.155761390926,1232.0000000000002,1202.7730962545736,1294.60503108725,1196.955788810246
1232.0,1247.4700147866233,1232.0,1217.869565841695,1251.0106283388645,1218.750512303883
1232.0,1232.0
1232.0000000000002,1232.0,1201.9261855737755,1218.9220347158748
1232.0000000000002,1233.1252453722786,1232.0,1250.6632305997962,1239.2439023640086
1232.0,1198.0701795591322,1226.0113403867485,1202.7520729906207,1232.0000000000002
1232.0,1210.90407382333,1261.9153429368437,1232.0
1232.0,1232.4335187481058,1209.0169483737056,1205.882570730837,1232.0
1232.0,1212.1137509315265,1324.9131954447605,1232.0,1211.0346945770164
1232.0,1232.0
1232.0000000000005,1232.0000000000002,1241.6464585109898,1207.773334534898
1232.0,1211.651492987993,1232.0000000000002
1232.0,1232.0,1253.919906270393,1250.3174727159537
1232.0,1270.3863854682284,1232.0,1228.145561058744,1235.6114591045225
1232.0,1236.709523174602,1234.2272612987642,1232.0,1200.2727733564102
1232.0,1225.8569346784052,1232.0,1217.7328232870618,1244.7729078611176
1232.0,1211.283535952165,1208.5946528969362,1232.0,1241.918255757103
1232.0000000000002,1207.9497406035227,1201.8715887855576,1232.0,1241.0651984669225
1232.0,1212.0891941716473,1232.0000000000002
1232.0,1232.0,1257.646368593966,1252.1538061365384,1242.42608046875,1261.350306186673
1232.0,1199.3797316153552,1232.0,1230.6008209668094,1222.359034997136
1232.0,1228.8497893215945,1219.358513389299,1232.0
1232.0,1232.0,1243.4048512728548
1232.0000000000002,1232.0000000000002
1232.0,1218.5788162974236,1232.561725894711,1232.0000000000002
1232.0,1253.3969232340567,1221.6616079195098,1232.0000000000002,1239.144032820302,1219.6346037741425
1232.0,1255.3057927731375,1232.0000000000002
1232.0000000000002,1232.0
1232.0,1237.9560980421047,1200.7746977780291,1232.0
1232.0,1217.1759602961604,1232.0,1245.6291841847599,1236.3723563937037
1232.0000000000002,1242.1352464341114,1232.0
1232.0000000000002,1207.6466473437142,1221.3016223683278,1232.0,1209.16985333481,1254.692465621737,1213.207961982566
1232.0,1219.267839445324,1232.0,1329.8064295656295,1216.9760646450734
1231.9999999999998,1222.8227234192086,1220.7477198278273,1232.0000000000002,1239.364755964537,1329.042110189862,1207.1115245297176
1232.0,1224.2685214885876,1231.9999999999998
1232.0,1230.5492128494075,1232.0
1232.0,1232.0,1415.8313201469507
1232.0,1232.0
1232.0000000000002,1212.4205567809365,1262.099912612191,1213.9311993546023,1232.0000000000005,1202.5446452268184,1225.0619399008067,1236.1646415988068
1232.0000000000002,1210.363071044425,1232.0
1232.0000000000005,1232.0,1224.6194316413118,1238.1776850216918,1250.3350554607257,1229.6569553757358
1232.0,1205.5890551058324,1216.107067101018,1232.0,1245.3285525798628
1232.0000000000002,1225.8603796967545,1231.4527766447586,1232.0,1210.3501754992865,1224.6715476232555,1215.8695661928964,1213.355153517306
1232.0000000000002,1231.0247018162956,1232.0,1225.587481866609,1253.614754588917
1232.0000000000002,1241.8107198829518,1232.0000000000005,1248.2959345107422,1222.8214400565328
1232.0000000000002,1266.304715957627,1283.4951486865334,1232.0,1268.5017191207855,1230.044986459928
1232.0,1215.442926264536,1240.9481151545276,1232.0,1234.0824472206264,1257.0392796982667,1234.373195705549,1211.741563567992
1232.0,1261.9444415012567,1222.7991055584105,1272.465107698306,1232.0,1212.7932346469124,1250.520139050965,1221.3600473138035,1261.6889086981703,1225.1245436048364
1232.0,1229.803313484774,1237.5089799220082,1232.0,1213.5550706588442
1232.0000000000002,1232.0,1222.2799384786547,1225.2504082530731
1232.0000000000005,1232.0000000000002
1232.0000000000002,1232.0,1238.2853723451926,1244.8056656025574,1206.1554179117982,1253.524380096966
1232.0,1232.0
1232.0000000000005,1246.373064344197,1243.7634809524186,1232.0
1232.0000000000002,1232.0000000000002,1239.7425514212664
1232.0,1232.0,1228.5503165505002,1242.2830033760492
1232.0,1250.8203519235492,1243.318925256136,1232.0000000000002,1214.3077705810656,1222.5502261172958
1232.0,1223.1288235877141,1234.8841815150329,1232.0,1229.3893123043763,1227.7657461263923
1232.0,1232.2933049704088,1249.4039592243194,1232.0,1208.9498185019409
1232.0000000000002,1232.0
1232.0,1232.0,1254.4711520957887
1232.0,1213.2840435814574,1214.4785709932366,1232.0,1251.6339138174667,1246.2395567003275
1232.0,1259.8656332908647,1217.141945252154,1231.9999999999998,1230.4238105094337,1259.8236218626896,1241.0576932262898,1213.8073371430162,1214.7029142529007
1232.0,1252.165339404632,1232.7643432455036,1232.0,1246.8639607197433,1232.195254062286
1232.0,1245.1817518471619,1207.9206995761795,1232.0,1213.2245195356754,1222.677093681238,1211.2616457076554
1232.0,1222.4196276177793,1212.7036842751472,1232.0,1246.4367454606838,1257.8085589375585,1226.9758760754466,1242.1639379802941
1232.0,1232.0,1245.3588539213404
1232.0,1208.5505461467756,1232.0,1224.0689344475281
1232.0,1228.151703802391,1232.0000000000002,1229.0377021944832
1232.0000000000002,1256.4433270819532,1207.5402564221204,1232.0
1232.0000000000002,1263.8008660238045,1227.2257814607754,1232.0000000000002,1252.5415503341335
1232.0,1263.4644520620893,1212.6100028880408,1232.0000000000002,1235.7685845155054
1231.9999999999998,1232.0,1216.1080686884497
1232.0000000000002,1232.0000000000002,1232.5601645743268,1254.5950389486738
1232.0,1231.9999999999998,1229.5417863004527
1232.0,1221.090817324447,1206.9935437786955,1232.0,1204.0488787106674,1283.8681991110718,1233.496620882456,1237.946931711794
1232.0,1208.3186424964094,1287.340050915933,1232.0,1226.6562596484055
1232.0,1232.0,1232.1405858181006
1231.9999999999998,1238.4744110990691,1248.742551314436,1232.0000000000002,1207.2432052181107
1232.0,1232.0
1232.0,1236.1203742731705,1238.0036550876002,1232.0,1235.6770797702077,1226.814223920351,1249.000774715768,1221.3366568585336
1232.0,1280.6221702935,1232.0000000000002
1232.0000000000002,1240.686683259772,1232.0000000000005
1232.0,1217.2654264395849,1232.0
1232.0000000000002,1232.0
1232.0,1232.0,1237.872276903591,1245.9490844710806
1232.0,1201.2543268603463,1285.906642743237,1232.0,1195.665859089693
1231.9999999999998,1223.6348784867266,1232.0,1234.5833926911275,1229.6786773421627,1245.3930741828049
1232.0,1232.0000000000002,1227.279352571519
1232.0000000000002,1239.6929857916148,1243.4115200358967,1232.0,1232.5007902283257
1232.0,1233.62901680119,1232.0000000000002,1247.4103161564742
1232.0000000000005,1232.0,1219.6517159995815,1246.6437032364845
1232.0,1245.6512226951056,1232.0
1232.0000000000002,1231.9999999999998,1257.059213208625
1232.0,1232.0,1206.754174153417,1233.1143721152455
1232.0,1217.4819535372367,1220.847532447353,1232.0,1212.383257119015
1232.0,1230.8583244803854,1232.0
1232.0,1232.0000000000002,1237.1296353578189,1233.041237453589,1222.989171949168,1268.0544956427182
1232.0000000000002,1222.301993309356,1247.7371576240441,1232.0,1215.2736326431009,1211.2838254338344,1206.3828289943235
1232.0,1207.7747671272139,1225.2644542928567,1217.6381104543177,1232.0000000000002,1233.8982900782926,1223.0602151075846
1232.0000000000002,1196.2423051233116,1274.2316960392782,1232.0,1249.3109051392635,1228.247384487313,1212.5992086970914,1205.718448633973
1232.0,1232.0000000000002,1219.3322634311105
1232.0,1236.2672553935522,1232.0,1263.1891478510056,1264.7824996700656
1232.0,1232.0,1205.9287561399153,1221.2401016930282
1232.0,1232.0,1200.3690478604015
1232.0000000000002,1209.0084912016014,1221.025552314166,1254.9467634051748,1214.1106042364604,1231.9999999999998
1232.0,1223.8830713237132,1228.9189872670263,1232.0000000000002,1259.317930539329
1232.0000000000002,1219.9866901706143,1221.722863122442,1239.6552618842813,1232.0,1210.4042437951925,1228.8003811065284,1256.903818345003
1232.0,1232.0,1262.473834435492,1232.532107173394
1232.0,1307.2950678345849,1232.0
1232.0,1215.2503662760614,1231.0834633424402,1232.0,1242.6771589090959,1225.6676047700507
1232.0000000000002,1232.0000000000002
1232.0000000000002,1200.9067956490858,1231.9999999999998
1232.0,1222.1623213057014,1232.0
1232.0,1228.6297775165224,1232.0,1219.579306711514,1272.9846868511158,1240.0741842092402
1232.0,1232.0,1248.1815569414075
1232.0000000000002,1283.8621811478438,1232.0
1232.0000000000005,1223.928992070311,1232.0
1232.0,1249.1829210241424,1228.1452905724445,1232.0000000000002,1249.1032405596861
1232.0,1228.2971953601461,1232.0,1219.4240136999697
1232.0000000000002,1242.3823387295934,1232.0,1232.3574016124217,1247.096555670955
1232.0,1250.6582426669954,1231.9999999999998
1231.9999999999998,1250.7935162076024,1207.9814949011995,1231.9999999999998,1228.600423407233,1243.1159540647523
1232.0,1232.0,1221.214676935356
1232.0,1227.353712020265,1232.0000000000002,1240.8793540000254
1232.0,1232.0,1210.945693274461,1218.583052172348
1231.9999999999998,1232.0,1238.1494311842068
1232.0,1229.2459030472032,1245.978736019716,1269.3121864379532,1232.0
1232.0,1232.0,1246.395054204946
1232.0000000000002,1209.4497707128885,1232.0000000000002,1240.0807257323286,1216.782521106739,1225.7214697360955
1232.0000000000002,1232.0
1232.0,1232.0000000000002,1230.7383148522904
1232.0,1206.7847599892325,1232.0
1232.0,1199.7533385021918,1222.1241860392195,1232.0
1232.0,1232.0,1211.2918271575343,1215.7542770387631,1253.0837447389372
1232.0,1213.117409855596,1232.0000000000002
1232.0,1284.0250498567696,1232.0
1232.0,1207.869919293775,1254.2834423310708,1232.0000000000002,1254.715221525048,1265.058238534544,1211.5572730528916
1232.0000000000002,1232.0000000000002,1286.3233575904121
1232.0000000000005,1232.0,1208.434502955443
1232.0000000000002,1231.5486855930685,1232.0,1230.974722191615
1232.0,1232.0,1225.756608285165
1232.0,1216.3077459848198,1232.0
1232.0,1232.0000000000002
1232.0,1241.3141042845864,1256.01325989036,1263.8571035547172,1232.0000000000002,1251.3248081607471,1219.8656668762324,1235.4275930921106
1232.0,1243.5050348891632,1232.0
1232.0000000000002,1208.9249150169937,1241.4093758761578,1224.6159478045397,1234.3055469802587,1232.0,1200.4664539064613,1251.1598648413933,1234.8934032920063,1244.0939782190958
1232.0,1225.8538281352378,1197.0344068179722,1232.0,1222.2603483826401,1254.26014292816
1232.0,1232.0000000000002,1210.2099127313686
1232.0000000000002,1232.0,1253.1365640187369
1232.0,1232.0000000000002,1200.6651855049813
1232.0,1245.1728938039068,1213.531527771257,1214.6909540116571,1232.0
1232.0,1239.6337611775023,1217.871492841802,1232.0,1208.5534430974533
1231.9999999999998,1213.4698098196923,1210.3756941405811,1232.0,1212.3451086706664
1232.0,1279.0306799160214,1213.4545122691525,1232.0000000000002,1216.8587896059405,1235.771286795249
1232.0000000000005,1229.6291207808315,1250.9796403736452,1241.1424264215027,1232.0000000000002
1232.0,1209.3421000677613,1232.0,1231.5280521154343
1232.0,1213.2430079505023,1232.0
1232.0000000000002,1207.7100110925774,1222.6697491076193,1220.894368255283,1232.0,1231.0828445452141,1237.8214578752315
1232.0000000000002,1223.6407768310755,1241.7838495760022,1232.8967344835567,1231.9999999999998,1249.0283471929827,1217.3375383691623
1232.0,1217.7231029942677,1232.0,1234.2906058932688
1232.0,1245.3985529618756,1246.6078483250074,1232.0000000000002
1232.0,1232.0,1222.3331342882907,1202.4090781979592
1232.0,1226.9673932094347,1221.2315654345155,1232.0000000000002,1239.0511957616675
1232.0,1232.0000000000002,1247.4072211076889,1237.2905960255734,1212.3788499714115
1232.0,1221.5254597216353,1232.0,1208.7473530892821
1232.0,1232.0
1232.0,1194.5139627821939,1211.2893029139298,1232.0000000000002,1245.5183160678773,1254.2653180641876
1232.0000000000002,1261.2909779361091,1232.0,1249.0355801096791,1229.9270433509057,1256.3171130711185
1232.0,1224.8941776165161,1235.7485840252662,1232.0000000000002,1277.4103544958305,1211.5564115597483
1231.9999999999998,1253.6179932595617,1247.7773003422342,1202.1439178700407,1232.0,1241.0144453267203
1232.0,1231.0452730980892,1232.0,1235.6291766184793,1225.5355609336038,1252.532818125424
1232.0,1246.2082134631657,1269.5196947899165,1232.0000000000002
1232.0,1232.0000000000002
1232.0000000000002,1232.0,1259.745739432518,1247.7233938704978,1248.64675678574
1232.0,1232.0,1240.687164592517
1232.0,1257.3547610171124,1232.0,1239.2944491685546
1232.0,1232.0000000000002,1235.7501326526642
1232.0,1232.0000000000002
1232.0000000000002,1241.0762690343927,1232.0,1219.0666658104956,1221.856264302534,1240.544632170785
1232.0000000000002,1220.6672281264189,1273.1852631240188,1232.0
1231.9999999999998,1241.8805245180868,1232.0000000000002,1255.3888512225672,1252.5353888956288,1233.685694640746,1239.5929545482986,1246.344696072281,1224.8464206383176
1232.0000000000002,1232.0000000000002
1232.0,1266.1191523465181,1240.776941366933,1220.2857162432229,1232.0,1241.3950442450594,1209.8554636963133,1219.4285213699206,1252.090661886186
1232.0,1220.3277895658655,1232.0000000000002,1208.2264834411333
1232.0,1235.8053860471837,1216.175655409808,1232.0000000000002
1232.0000000000002,1214.3087541723096,1237.0634692942294,1232.0
1232.0,1243.5576971388152,1232.0000000000002
1232.0,1251.4514474105601,1232.3986853261217,1232.0
1232.0,1242.2894476544407,1232.0
1232.0,1202.574488365737,1232.0
1232.0,1232.0000000000002,1264.578602101553
1232.0,1194.7515348108725,1238.4483663451067,1245.1198654008253,1232.0000000000002,1250.1235855031541
1232.0000000000002,1198.5177672122343,1210.2412344581726,1232.0,1215.72979420471
1232.0,1232.0
1232.0,1204.3448910125812,1232.0000000000005,1248.087734635235,1246.740555597777,1216.230595997129
1231.9999999999998,1232.0,1238.162326190789,1203.4116301298222,1234.4466041999135
1232.0,1236.8980651794584,1234.3475291436987,1232.5694735133168,1232.0
1232.0,1244.9842386613245,1232.0,1237.8087452344391
1232.0,1205.94967997744,1205.836233841692,1232.0000000000002
1232.0,1228.0094525340194,1232.0000000000002,1231.6683192986757,1248.0571160058614
1232.0,1232.0000000000002
1232.0,1256.8145561841602,1197.8428516124955,1232.0,1202.8648471330123,1216.5824071945326
1232.0,1242.9963963229263,1275.7085342263858,1232.0
1232.0,1232.0
1232.0,1231.8100205937671,1230.30697661455,1232.0,1245.507859225932,1237.2031532273097,1254.9956540184717,1228.470307942231,1207.421219403337,1221.8660777204946
1232.0,1257.2996284583776,1232.0
1232.0,1234.9185108985898,1232.0,1231.4701393054313
1232.0000000000002,1225.0146489878455,1210.1505177494391,1232.0,1245.8161995854923
1232.0,1268.4757246092079,1232.1513221904167,1232.0,1266.1181012349978,1259.639617923599,1299.4286034721856,1238.3399381931902,1216.0373773608178
1232.0,1232.0000000000002
1232.0,1268.1606933388555,1232.0000000000002,1236.191518053931,1219.4993678063834,1241.0766665068622
1232.0,1232.0000000000002,1224.658242930836,1232.914685072124,1223.0209832095104
1232.0,1232.0,1202.5352506668173,1276.3322811454027,1227.174685733539,1284.6358901109709
1232.0,1232.0,1284.1658800433263
1232.0,1232.434060105849,1240.1111409117564,1247.9798452994655,1232.0
1232.0,1232.0000000000002,1213.6612563329304,1251.9632828085337
1232.0,1232.0,1222.7948189525398
1232.0,1251.7792091099516,1233.564368660474,1232.0000000000002,1221.1409464417045
1232.0,1270.4409208005454,1232.0000000000002,1248.0248437091595,1266.3003777449953
1232.0,1221.5998539345753,1232.0
1232.0000000000002,1248.7843990493495,1232.0,1235.2584068186543,1244.1610311941174
1232.0000000000002,1225.7134081051868,1232.0000000000002
1232.0,1215.1589127971847,1242.15339275009,1232.0,1268.41731273559,1232.7797911975713
1232.0,1232.0
1232.0,1228.8760986665152,1232.0,1228.402976829451,1228.827929393006
1232.0,1252.2340489629653,1229.8696427364773,1232.0000000000002,1227.4983417936091
1232.0000000000002,1233.46578084726,1244.401609275523,1232.0,1244.9403159663011,1261.0445072926482
1232.0,1250.301451808025,1232.0
1232.0,1275.12652924132,1232.0,1217.6645018409956,1213.0899665299364
1232.0000000000002,1228.4034875079915,1232.0000000000002,1223.7823960230062
1232.0,1232.0000000000005
1232.0,1232.0,1211.979621826029,1221.781901187351
1232.0000000000002,1259.2446445846872,1232.0,1226.3534377988997
1232.0,1228.9381891910098,1232.0,1256.0689851193115
1232.0,1232.0,1204.3126590935688,1219.6070521359568
1232.0,1217.0195938778434,1232.0000000000002,1237.453238001354
1232.0,1222.6084786338088,1211.651071534459,1232.0,1221.4148919214704
1232.0000000000005,1232.0,1218.4045526586688
1232.0,1232.0,1238.220733312941
1232.0,1225.2208081639708,1232.0
1232.0,1260.1734834623028,1203.664840787966,1207.776314280261,1232.0000000000002,1233.0909786420127
1232.0,1208.3322439019541,1235.116271032625,1232.0
1232.0000000000002,1216.8058167035804,1231.9999999999998
1231.9999999999998,1240.2668552422904,1232.0,1245.0021350126124
1232.0,1244.108230298828,1232.0,1225.342446301769,1215.9718420451463
1232.0,1232.0,1229.6444544980463
1232.0,1256.6128166981064,1225.7116463930422,1232.0
1232.0000000000002,1246.4433808379144,1232.0,1217.9241041965645,1211.293507469326
1232.0,1221.7146754946666,1232.0,1245.0271583168499
1232.0,1232.0000000000002
1232.0,1222.3068413297335,1232.0,1246.7447636169832
1232.0,1232.0
1232.0,1232.0,1225.279649587724,1214.5127744818863
1232.0,1282.9006172094946,1227.9909494135163,1232.0000000000002
1232.0,1205.271652205642,1232.0,1215.5913564019882
1232.0,1225.348945169237,1223.1071077399145,1232.0
1231.9999999999998,1240.6137418896976,1232.0,1228.2077387491936
1232.0,1228.4900444163766,1218.4450360053359,1232.0,1271.3817705500542
1232.0000000000002,1239.798368516977,1212.809611261714,1232.0,1226.808891415812
1232.0000000000002,1249.4940012231866,1232.0,1261.8749329544705
1232.0,1232.0,1232.7403641455887,1230.5651359164542
1232.0,1196.9573312053024,1212.3415169106902,1232.0
1232.0,1232.0,1265.286187883115,1200.9624759722876
1232.0,1213.940328974687,1232.0000000000002,1250.0282330725263
1232.0000000000002,1240.8942811559511,1232.0000000000002,1221.3803711720952
1232.0,1232.0,1216.4145683317481
1232.0000000000002,1232.0
1232.0,1232.0,1219.6184519047292,1218.1509773566177,1222.200747384566
1232.0,1232.0,1261.9060714764055,1264.824709512095,1232.850834994136
1232.0000000000002,1222.1344773368205,1240.7358733373997,1232.0
1232.0,1204.2705080287662,1223.9537044204426,1232.0
1232.0,1252.1127157132655,1232.0,1212.5898238343057,1255.6174452815499,1243.4513152427114,1227.1249733245613,1257.77976283447
1232.0,1220.8842356278071,1215.1036945398778,1245.665816321449,1232.0,1234.9421233004025
1232.0,1237.1945590070193,1232.0,1259.5104091181563,1256.5115215741869
1232.0,1232.0,1260.7608153828846,1307.4207775560292
1232.0,1232.0000000000002,1229.322823149283,1246.2422624279245
1232.0,1232.0000000000002,1216.5849721533218,1224.9966856434173
1232.0,1247.9132501381841,1224.068832594496,1252.3543266582121,1232.0,1253.6338346457908,1235.1081233069667
1232.0,1246.8797371430703,1210.523329495592,1232.0000000000002
1232.0,1212.7519781391384,1232.0
1232.0,1232.0
1232.0,1232.0,1209.3782418414783
1232.0,1221.4805749393583,1232.0000000000002,1226.029136908665
1232.0,1257.0117841677402,1237.2132233946713,1232.0000000000002
1231.9999999999998,1229.7547760288817,1270.0882007499636,1232.0
1232.0,1232.2531845108297,1239.096902953274,1232.0,1237.53366220634,1253.2976637716495,1240.1428892706062
1232.0,1274.7164633745729,1232.0
1232.0,1217.8843456689228,1232.0,1278.9069721364326
1232.0,1212.1473541894895,1231.9999999999998,1256.1271455911692
1232.0,1234.4255664572863,1235.2289421264575,1263.1163124891054,1208.815444204401,1232.0000000000002,1206.834125983398,1271.6357909644348
1232.0,1225.0122859847927,1232.0,1231.9090790972161,1213.789294159274
1232.0,1232.0000000000002
1232.0,1268.4954445966166,1256.2203883214072,1232.0000000000002,1207.1079637421694
1232.0000000000002,1269.8953770609612,1232.0,1218.7724053194363,1242.1233455485756,1222.4460258820263,1225.7997534031579
1232.0,1232.0
1232.0000000000002,1247.1559992863108,1232.0,1219.7603814192819,1266.9680054561827
1232.0000000000002,1232.0,1248.7019076068377,1254.8245774034156
1232.0000000000002,1235.8930437117701,1232.0
1232.0000000000002,1211.112150947676,1232.0
1232.0,1246.8329323828948,1232.0,1221.9329005994125
1232.0000000000002,1232.0
1232.0,1227.5053104702215,1232.0,1274.227870936136,1236.1682545576452
1232.0000000000002,1232.0000000000002
1232.0,1232.0000000000002
1231.9999999999998,1224.6382596702492,1215.9411522953253,1232.0000000000002,1251.6227199142204
1232.0,1246.9501678746253,1255.1052209267805,1232.0
1232.0,1263.165863291941,1238.9631014788606,1232.0,1252.5570848655334
1232.0000000000002,1210.1930745257678,1221.1962722177216,1232.0,1218.3206518168536,1234.0940775277636,1224.4712780916966
1232.0,1232.0,1244.0531894328835,1226.8391303002563
1232.0,1218.628112949512,1241.8100853662806,1229.057178553032,1232.0,1241.1437245346754
1232.0,1232.0,1229.494708755369
1232.0,1236.8466157906564,1232.0,1208.8632472863887
1232.0,1232.0000000000002,1223.1749490863945,1228.9792084684877
1232.0,1209.7487876785624,1240.3721005971763,1225.6934007147945,1227.2347187992195,1232.0,1244.6535864200202,1241.8000412690867
1232.0,1232.0,1259.2550899058265
1232.0,1232.0
1232.0,1242.2492629797396,1232.0000000000002,1238.9787698774694
1232.0,1232.0000000000002,1241.5507334451688,1243.2072795047952
1232.0,1275.6111875763875,1232.0,1206.7039066236014,1232.6176355552177,1241.498928412166
1232.0000000000002,1229.6782486450952,1232.0,1255.6174200985874
1232.0000000000002,1226.6668708897348,1232.0000000000002,1243.3270619257291,1217.601858642074,1248.0598536243945
1232.0,1199.6815072827285,1232.0,1246.319774018241
1232.0,1232.0
1232.0000000000002,1264.1542044287808,1232.0,1268.152861101771
1231.9999999999998,1224.8883594404626,1207.1207443896008,1232.0000000000002,1229.708501473623
1232.0,1228.3546912373745,1232.0,1280.5653041713422
1232.0,1204.9857085417582,1231.9999999999998,1213.2810803328432
1231.9999999999998,1231.9999999999998,1239.3770551174914,1232.8191908417516
1232.0000000000002,1273.0178006621843,1232.0000000000002,1227.1821156959963
1232.0,1232.0,1235.922119460438,1232.082548509745
1232.0000000000002,1207.7455759926572,1232.0
1232.0,1261.5942470297618,1282.1257520507977,1232.0
1232.0,1303.7432327637762,1224.9124381632312,1232.0,1225.855485892957
1232.0,1224.44440587446,1232.0
1232.0,1260.3651797989594,1234.8328951214176,1207.8119908914841,1231.9999999999998,1242.2119513039606,1220.7143198201034
1232.0,1277.8745732295683,1223.7954760443768,1232.0000000000002,1236.3859397314075,1237.8736722820086,1261.1465172483156,1243.83241111573
1232.0,1242.2199469911723,1232.0,1233.5116447522444,1214.0096453818583
1232.0,1231.9999999999998,1270.2750980078658
1232.0,1232.0,1214.2861199965764
1232.0,1236.9107594692111,1232.0
1231.9999999999998,1224.675918737738,1232.0,1256.503074516563,1209.209116729162
1232.0,1232.0
1232.0,1231.9999999999998,1232.09642853456,1244.7504994534097,1240.1548919630125
1232.0,1232.0000000000002,1219.5239437260177,1256.216129560059,1248.2644886272146
1231.9999999999998,1241.1585963312843,1217.8825900247234,1232.0
1232.0,1232.0
1232.0000000000002,1232.0,1265.3299708599986
1232.0,1231.9999999999998,1222.2649387036208
1232.0000000000002,1232.0,1203.0765440847172,1222.5696273654423,1206.1179354688757
1232.0,1225.952566465032,1310.170400001198,1232.0,1277.5331839823812,1252.494235422908
1232.0,1232.0000000000002
1232.0,1211.5008133267334,1228.579564413936,1232.0000000000002,1257.0806262409487
1232.0,1232.0
1232.0000000000002,1212.7590449278339,1232.0000000000002,1232.2496193660309,1228.8200259237751
1232.0,1273.7438536944242,1211.003240195681,1232.0
1232.0,1233.2465964479318,1229.0609425732102,1232.0,1262.6910956533318
1232.0000000000002,1209.6401022192724,1210.4679327690496,1232.0000000000002,1237.8419080826877,1223.410478797117,1239.2516238679355,1214.7811488977006
1232.0,1282.2687581054054,1219.2106945156247,1225.4073852213146,1203.2813385175796,1232.0000000000002
1232.0,1232.0000000000002
1232.0,1215.9488115217628,1250.0103402156797,1227.717990234451,1232.0
1232.0,1256.0699330236473,1232.0
1231.9999999999998,1257.0020685134298,1232.0
1232.0000000000002,1232.0
1232.0,1232.0000000000002
1232.0,1233.322045971009,1206.5670062721572,1232.0,1210.306774454219,1289.4764114580862,1267.359958866158
1232.0,1228.4481901003355,1232.0
1232.0,1232.0
1232.0000000000002,1222.9303105819408,1232.0
1232.0,1232.0
1232.0,1231.9999999999998,1230.5641328196957,1224.9377903816148
1232.0000000000002,1232.0000000000002,1234.734714211632,1214.1400966360547
1232.0,1232.0000000000002,1249.7609563052588
1232.0000000000002,1241.2540172167894,1206.8043836041318,1232.0,1268.9175457891658
1232.0,1235.4443712270593,1228.94138838916,1226.6028326277192,1232.0,1223.4360671124284,1215.6698330078602,1225.427974045718,1221.848947137491
1232.0,1241.7074501061068,1232.0,1213.6475298857783,1243.841531359355
1232.0000000000002,1232.0,1242.8952615278356,1237.327046668995,1235.7800702026425
1232.0,1217.3723366167533,1232.0,1203.9503230286032,1221.384119824501
1232.0000000000002,1254.9084076723054,1231.9999999999998,1231.666877778582,1234.4102643918775,1231.5877160981966
1232.0,1231.9999999999998,1271.4790996380514
1232.0,1217.2473388745796,1249.3816555686806,1231.9999999999998
1232.0,1210.0185124458428,1232.0,1217.1025979332803,1247.3748759209868
1232.0000000000002,1250.636791314207,1231.9999999999998,1226.89509341258
1232.0000000000002,1211.8043544973832,1233.606386537567,1232.0000000000002,1201.3138114347946
1232.0,1232.0,1245.7470160741905
1232.0,1231.9999999999998
1231.9999999999998,1256.7170958929235,1233.6290464120823,1219.32840770353,1203.978057355476,1232.0000000000002
1232.0,1227.0573536199079,1232.0
1232.0000000000002,1215.7277145010823,1232.0,1211.7627277049924,1304.5779320574848,1248.9211260056468,1229.0917943477987,1229.0155941003725,1216.8522201249527,1212.0686220076707
1232.0,1232.0,1249.886610426727
1232.0,1232.0000000000002,1200.1461049540267
1232.0,1223.341650533608,1239.0974696709143,1232.0
1232.0,1232.9482726988813,1232.0,1253.201918301977
1231.9999999999998,1203.6352402505504,1232.0
1232.0000000000002,1227.1970374782584,1232.0,1237.9686992625777,1251.1388213859568,1258.652075266233,1228.6380426307414
1232.0,1232.0
1232.0,1224.9211789525993,1231.9999999999998,1202.0034742748044
1232.0000000000002,1232.0000000000002
1232.0,1202.9603669329372,1244.8963882237804,1232.0,1202.2112855912153,1207.0891881117122
1232.0,1214.2479923790618,1231.9999999999998,1222.3167182827635,1230.7299009549727
1232.0,1232.0
1232.0000000000002,1216.2334328124755,1218.1954616260773,1211.7220028316947,1232.0,1205.7151441812327
1232.0,1218.0008761610682,1232.0,1214.5204625250446
1232.0,1233.7449038981376,1238.9715441761182,1213.934110708383,1232.0,1239.3029755534762
1232.0,1265.0395926121628,1232.0,1220.6600344775604,1231.1022332952746
1232.0,1227.2211465526175,1250.366650912284,1232.0,1228.4857425688792
1232.0,1232.0000000000002
1232.0,1220.3383646097736,1205.3108152551479,1232.0000000000002,1232.4566570795898
1232.0,1229.6423346687961,1231.1921611681973,1229.1209139438233,1232.0000000000002
1232.0,1232.0
1232.0,1232.0
1232.0000000000002,1254.5080607369107,1232.0
1232.0,1220.3917695250968,1232.0,1238.7495182833936
1232.0000000000002,1232.0,1238.2593430362067,1255.7351809472311
1232.0,1250.1106913238095,1228.8641701950587,1232.0,1214.970862940347
1231.9999999999998,1232.0,1255.411128849247,1244.4124704250978,1216.9706224870579,1192.7963502951109
1232.0,1232.0,1254.4689338326089,1213.453576918482
1232.0,1232.0,1228.1985036111719,1236.748524734269
1232.0,1232.0
1232.0,1231.9999999999998
1232.0000000000002,1232.5914040030302,1251.0464410692882,1232.0
1232.0,1232.0,1227.442251024191,1210.3246214049764,1224.6214147675817
1232.0,1232.0,1264.4625922429811
1231.9999999999998,1231.5871034096833,1238.3700168537928,1209.9439615536257,1232.0,1227.688932911279,1266.752731338841,1253.3424895102628
1232.0,1236.2520780633054,1232.0,1271.793366588613,1253.7314089264405
1232.0,1252.3932285449087,1223.026297007751,1232.0
1232.0,1240.6249642506846,1232.0,1254.3680255250301,1264.5711233744003
1232.0,1232.0000000000005,1225.7319271260906,1244.7174752711255
1232.0000000000002,1232.0,1216.6788146359233
1232.0,1273.7037630423274,1232.0000000000002,1231.929105051536
1232.0,1247.8727843238446,1232.0
1232.0,1232.0000000000002
1232.0,1225.2355954148586,1232.0,1235.252217003441
1232.0,1242.2587384359076,1248.4740457538699,1232.0
1232.0000000000002,1212.7570024674435,1232.0000000000002
1232.0000000000002,1276.91382983977,1232.0000000000002
1232.0000000000002,1230.084893540323,1232.0,1215.0821661228613
1232.0,1254.369898145395,1253.5026056979416,1232.0
1232.0,1232.0000000000002
1232.0000000000002,1208.8407913861,1220.6663326742735,1232.0,1246.9993725817371,1229.0436256191458,1213.1207716015874
1232.0000000000002,1232.0000000000002
1232.0,1227.7694057434999,1232.0000000000002,1270.3098871837324
1232.0,1249.9440815815628,1305.6608061341517,1232.0000000000002,1274.3755911485832,1251.3123317990814,1242.4174351550926
1232.0,1232.0,1215.8121329009323
1232.0,1237.4262238855056,1237.340370942695,1232.0,1228.214505460842,1205.6669289716376
1232.0,1243.7857766282643,1245.3056083841109,1232.0,1247.423258213786,1216.1066306166254,1221.576865172706,1205.6618990323802,1226.767604722367
1232.0,1227.0857416634985,1232.0,1228.214755556042
1232.0,1232.0,1221.4408095568567,1268.021193899138
1232.0,1232.0000000000002,1260.7255987244632,1201.1394715332144
1232.0,1220.2663188636832,1232.0000000000002
1232.0000000000002,1232.0000000000002,1249.5929673238868
1232.0,1232.0000000000002
1232.0,1237.0907013793205,1203.5023506557707,1232.0
1232.0,1249.0178583436698,1232.0
1232.0,1217.2008996006855,1232.0,1246.8595471139724
1232.0,1235.6169007963038,1232.0
1232.0,1227.6339279827,1232.0000000000002,1229.809170797934
1232.0,1203.8751818437684,1232.0
1232.0,1206.0269487768853,1210.9117651158576,1232.0000000000002
1232.0000000000002,1232.0,1229.9277121238101
1232.0,1237.746204311748,1232.0000000000002
1232.0,1218.8656891380178,1238.9441356979437,1228.5815808232394,1232.0000000000002,1247.2238569267006
1232.0000000000002,1232.0,1243.6427225061916
1232.0,1232.0,1256.2786272683798,1193.65514948478
1232.0,1232.0000000000002,1258.9810125183164,1266.8910538683162,1247.1733957236436
1232.0,1234.4038300987513,1267.6938306745603,1232.0,1242.3220314251428,1229.547451819613
1232.0000000000002,1251.8872825697713,1232.0,1244.4274506135887
1232.0,1259.2054846363176,1232.0
1232.0,1208.8720148658217,1232.0
1231.9999999999998,1232.0
1232.0,1264.9433343122444,1204.3928762278097,1263.5771755276853,1232.0000000000005
1232.0000000000002,1220.0433441149573,1232.0000000000002,1251.8055153616997
1232.0,1246.5115334433008,1265.5142725007609,1232.0,1226.6004837326566
1232.0000000000002,1232.0,1221.5692508171153
1232.0,1269.7462924654826,1232.0
1231.9999999999998,1232.0000000000002
1232.0000000000002,1232.0,1240.7119438280222,1243.8119627026376
1232.0,1232.0,1214.2285989876555
1232.0,1266.7771317189938,1225.567153453155,1231.9999999999998,1227.0987042635245,1209.8000126941424
1232.0000000000002,1232.0,1269.464057684328,1209.5586556080984
1232.0,1245.873315903459,1292.5532158515693,1232.0000000000002,1228.5674264292359
1232.0,1232.0,1219.7552560253225
1232.0,1222.114760433276,1232.0
1232.0,1264.8605698134743,1238.7544036769052,1210.2581623705978,1232.0
1232.0,1231.55992845366,1227.0398681398538,1221.988311746633,1232.0,1261.0183794182433,1208.0319939835708
1232.0,1242.6931678437443,1237.0954507400363,1241.1452860145002,1232.0,1226.2706047194108,1228.022699742532,1221.4587491037337
1232.0000000000002,1232.0,1252.4292723027656
1232.0,1220.8788154000526,1232.0,1230.3527386415694
1232.0,1253.100034738404,1227.7379914414896,1232.0,1223.3093131190965
1232.0,1234.1968410066386,1232.0,1216.8173382656505,1206.4324871511028
1232.0,1223.2842346305513,1220.3885044119834,1232.0,1230.5743364543375,1234.8793754000087
1232.0,1235.8521680237968,1213.4720018488297,1232.0
1232.0000000000002,1232.0,1196.8762371778007,1225.5671785941176,1235.3101846814218
1232.0,1232.0,1232.2615770633636
1232.0,1270.8766271452935,1238.9799285215872,1207.1930286874647,1232.0000000000002
1232.0,1235.3194965794728,1250.0991647151043,1231.9999999999998,1264.98868671365,1214.690311733762
1232.0000000000002,1241.4977650485664,1252.2938699783228,1232.0
1232.0,1206.8810048789064,1255.3902355881576,1232.0,1246.9267234880665
1232.0,1215.9964407026387,1232.0,1230.6988792501134
1232.0000000000002,1232.0,1241.4595882275125
